INSERT INTO tb_disciplinas (id, nome, codigo, carga_horaria) VALUES
	('38', 'A Presença Africana no Brasil: Tecnologia e Trabalho', 'ES70J', '30'),
	('39', 'Acessibilidade e Inclusão Digital', 'CSH42', '45'),
	('40', 'Algoritmos de Programação', 'ELB11', '45'),
	('41', 'Banco de Dados 2', 'CSB41', '60'),
	('42', 'Capitalismo Contemporâneo e Economia Política', 'FCH7HC', '45'),
	('43', 'Circuitos Digitais', 'EEB31', '90'),
	('44', 'Ciências do Ambiente', 'QB70E', '30'),
	('45', 'Ciências do Ambiente', 'QB70J', '30'),
	('46', 'Computação e Sociedade', 'CSH44', '45'),
	('47', 'Computação em Nuvem', 'CSM45', '60'),
	('48', 'Comunicação de Dados', 'CSR31', '30'),
	('49', 'Comunicação Linguística', 'CE70A', '30'),
	('50', 'Comunicação Oral e Escrita', 'CE70B', '30'),
	('51', 'Comunicação Oral e Escrita', 'CE70H', '30'),
	('52', 'Comunicação Oral e Escrita', 'C0E70A', '30'),
	('53', 'Ciências das Redes', 'CSI31', '60'),
	('54', 'Cálculo Diferencial e Integral 1', 'MA71A', '90'),
	('55', 'Cálculo Diferencial e Integral 1', 'MA71H', '90'),
	('56', 'Cálculo Numérico', 'MA70C', '60'),
	('57', 'Desenvolvimento de Aplicações Web', 'CSM41', '60'),
	('58', 'Dimensão Ambiental na Gestão Urbana', 'FCH7XF', '45'),
	('59', 'Economia', 'GE70D', '30'),
	('60', 'Fundamentos da Ética', 'ES70H', '30'),
	('61', 'Geometria Analítica', 'MA71I', '45'),
	('62', 'Geometria Computacional', 'CSA45', '60'),
	('63', 'Gerência de Projetos', 'CSE47', '45'),
	('64', 'Gestão de Oportunidades', 'GE70K', '30'),
	('65', 'Gestão de Pessoas', 'GE70F', '30'),
	('66', 'Gestão de Pessoas', 'GE79A', '30'),
	('67', 'Gestão Financeira', 'GE70H', '30'),
	('68', 'Gestão Mercadológica', 'GE70O', '30'),
	('69', 'História da Técnica e da Tecnologia', 'ES70N', '30'),
	('70', 'História Geral da Economia', 'FCH7HB', '45'),
	('71', 'Infraestrutura de Lans Hierarquicas', 'CSR42', '60'),
	('72', 'Introdução a Ciências de Dados', 'CSB53', '60'),
	('73', 'Libras A', 'ED70T', '30'),
	('74', 'Libras B', 'ED70U', '30'),
	('75', 'Lógica Reconfigurável', 'CSW42', '60'),
	('76', 'Metropolização Contemporânea: Tecnologia e Território', 'FCH7GA', '45'),
	('77', 'Oficina de Redes', 'CSR41', '60'),
	('78', 'Políticas Públicas', 'ES60J', '30'),
	('79', 'Programação para Dispositivos Móveis e Sem Fio', 'CSM43', '60'),
	('80', 'Psicologia Aplicada Ao Trabalho', 'ES72C', '30'),
	('81', 'Segurança de Redes e Sistemas', 'CSR44', '60'),
	('82', 'Sistemas Legados', 'CSE44', '45'),
	('83', 'Sistemas Microcontrolados', 'CSW40', '60'),
	('84', 'Smart Challenges', 'ELSC01', '30'),
	('85', 'Smart Projects', 'ELSP01', '30'),
	('86', 'Sociedade e Política no Brasil', 'ES70Q', '30'),
	('87', 'Tecnologia e Sociedade', 'ES70R', '30'),
	('88', 'Tecnologia, Trabalho e Saúde', 'FCH7SC', '45'),
	('89', 'Teoria dos Grafos', 'CSA42', '60'),
	('90', 'Web Design', 'DI84D', '75'),
	('91', 'Álgebra Linear', 'MA72I', '60');	
	
INSERT INTO tb_matrizes (id, disciplina_id, periodo, pre_requisitos, curso_id, tipo_disciplina_id, peso) VALUES
	('38', '38', '5', '0', '1', '4', 0.0),
	('39', '39', '4', '0', '1', '3', 0.0),
	('40', '40', '5', '0', '1', '3', 0.0),
	('41', '41', '4', '0', '1', '3', 0.0),
	('42', '42', '5', '0', '1', '4', 0.0),
	('43', '43', '4', '2', '1', '3', 0.0),
	('44', '44', '5', '0', '1', '4', 0.0),
	('45', '45', '5', '0', '1', '4', 0.0),
	('46', '46', '4', '0', '1', '3', 0.0),
	('47', '47', '4', '0', '1', '3', 0.0),
	('48', '48', '4', '0', '1', '3', 0.0),
	('49', '49', '5', '0', '1', '4', 0.0),
	('50', '50', '5', '0', '1', '4', 0.0),
	('51', '51', '5', '0', '1', '4', 0.0),
	('52', '52', '5', '0', '1', '4', 0.0),
	('53', '53', '4', '0', '1', '3', 0.0),
	('56', '56', '4', '0', '1', '3', 0.0),
	('57', '57', '4', '0', '1', '3', 0.0),
	('58', '58', '5', '0', '1', '4', 0.0),
	('60', '60', '5', '0', '1', '4', 0.0),
	('62', '62', '4', '0', '1', '3', 0.0),
	('63', '63', '4', '0', '1', '3', 0.0),
	('70', '70', '5', '0', '1', '4', 0.0),
	('71', '71', '4', '0', '1', '3', 0.0),
	('72', '72', '4', '0', '1', '3', 0.0),
	('73', '73', '5', '0', '1', '4', 0.0),
	('74', '74', '5', '0', '1', '4', 0.0),
	('75', '75', '4', '0', '1', '3', 0.0),
	('76', '76', '5', '0', '1', '4', 0.0),
	('77', '77', '4', '0', '1', '3', 0.0),
	('78', '78', '5', '0', '1', '4', 0.0),
	('79', '79', '4', '0', '1', '3', 0.0),
	('81', '81', '4', '0', '1', '3', 0.0),
	('82', '82', '4', '0', '1', '3', 0.0),
	('83', '83', '4', '1', '1', '3', 0.0),
	('84', '84', '5', '0', '1', '4', 0.0),
	('85', '85', '5', '0', '1', '4', 0.0),
	('88', '88', '5', '0', '1', '4', 0.0),
	('89', '89', '4', '0', '1', '3', 0.0),
	('90', '90', '4', '0', '1', '3', 0.0);

INSERT INTO tb_disciplinas_requisitos (disciplina_id, requisito_id) VALUES
	('39', '14'),
	('41', '25'),
	('43', '18'),
	('46', '14'),
	('46', '19'),
	('53', '15'),
	('56', '1'),
	('56', '3'),
	('57', '25'),
	('57', '5'),
	('62', '24'),
	('62', '3'),
	('63', '30'),
	('71', '31'),
	('72', '25'),
	('75', '83'),
	('77', '27'),
	('79', '5'),
	('81', '31'),
	('82', '5'),
	('83', '43'),
	('89', '9');
	
INSERT INTO tb_turmas (id, codigo, disciplina_id) VALUES
	('92', 'ES70J-S01', '38'),
	('93', 'ES70J-S02', '38'),
	('94', 'ES70J-S03', '38'),
	('95', 'ES70J-S04', '38'),
	('96', 'ES70J-S05', '38'),
	('97', 'CSH42-S73', '39'),
	('98', 'ELB11-S11', '40'),
	('99', 'CSB41-S73', '41'),
	('100', 'FCH7HC-S01', '42'),
	('101', 'FCH7HC-S02', '42'),
	('102', 'EEB31-S71', '43'),
	('103', 'QB70E-S21', '44'),
	('104', 'QB70E-S23', '44'),
	('105', 'QB70E-S25', '44'),
	('106', 'QB70E-S53', '44'),
	('107', 'QB70E-S71', '44'),
	('108', 'QB70J-S11', '45'),
	('109', 'CSH44-S73', '46'),
	('110', 'CSM45-S71', '47'),
	('111', 'CSR31-S71', '48'),
	('112', 'CE70A-S21', '49'),
	('113', 'CE70A-S23', '49'),
	('114', 'CE70A-S25', '49'),
	('115', 'CE70B-S15', '50'),
	('116', 'CE70B-S31', '50'),
	('117', 'CE70B-S51', '50'),
	('118', 'CE70B-S53', '50'),
	('119', 'CE70B-S55', '50'),
	('120', 'CE70B-S61', '50'),
	('121', 'CE70B-S81', '50'),
	('122', 'CE70B-S83', '50'),
	('123', 'CE70B-S95', '50'),
	('124', 'CE70H-S41', '51'),
	('125', 'CE70H-S43', '51'),
	('126', 'C0E70A-S93', '52'),
	('127', 'CSI31-S73', '53'),
	('128', 'MA71A-S11', '54'),
	('129', 'MA71A-S15', '54'),
	('130', 'MA71A-S21', '54'),
	('131', 'MA71A-S23', '54'),
	('132', 'MA71A-S25', '54'),
	('133', 'MA71A-S51', '54'),
	('134', 'MA71A-S55', '54'),
	('135', 'MA71A-S61', '54'),
	('136', 'MA71A-S71', '54'),
	('137', 'MA71A-S81', '54'),
	('138', 'MA71A-T81', '54'),
	('139', 'MA71H-S41', '55'),
	('140', 'MA71H-S43', '55'),
	('141', 'MA70C-S21', '56'),
	('142', 'MA70C-S23', '56'),
	('143', 'MA70C-S25', '56'),
	('144', 'MA70C-S41', '56'),
	('145', 'MA70C-S43', '56'),
	('146', 'MA70C-S55', '56'),
	('147', 'MA70C-S56', '56'),
	('148', 'CSM41-S73', '57'),
	('149', 'FCH7XF-S01', '58'),
	('150', 'GE70D-S21', '59'),
	('151', 'GE70D-S23', '59'),
	('152', 'GE70D-S25', '59'),
	('153', 'GE70D-S43', '59'),
	('154', 'GE70D-S51', '59'),
	('155', 'GE70D-S71', '59'),
	('156', 'ES70H-S01', '60'),
	('157', 'ES70H-S15', '60'),
	('158', 'ES70H-S31', '60'),
	('159', 'ES70H-S41', '60'),
	('160', 'ES70H-S43', '60'),
	('161', 'ES70H-S51', '60'),
	('162', 'ES70H-S93', '60'),
	('163', 'MA71I-S41', '61'),
	('164', 'MA71I-S43', '61'),
	('165', 'CSA45-S71', '62'),
	('166', 'CSE47-S73', '63'),
	('167', 'GE70K-S93', '64'),
	('168', 'GE70F-S51', '65'),
	('169', 'GE70F-T81', '65'),
	('170', 'GE79A-S41', '66'),
	('171', 'GE79A-S43', '66'),
	('172', 'GE70H-S01', '67'),
	('173', 'GE70H-S02', '67'),
	('174', 'GE70H-S51', '67'),
	('175', 'GE70H-S53', '67'),
	('176', 'GE70H-S71', '67'),
	('177', 'GE70O-S01', '68'),
	('178', 'GE70O-S31', '68'),
	('179', 'ES70N-S01', '69'),
	('180', 'ES70N-S02', '69'),
	('181', 'ES70N-S03', '69'),
	('182', 'ES70N-S04', '69'),
	('183', 'ES70N-S05', '69'),
	('184', 'ES70N-S31', '69'),
	('185', 'ES70N-S32', '69'),
	('186', 'FCH7HB-S01', '70'),
	('187', 'FCH7HB-S02', '70'),
	('188', 'CSR42-S73', '71'),
	('189', 'CSB53-S73', '72'),
	('190', 'ED70T-S01', '73'),
	('191', 'ED70T-S61', '73'),
	('192', 'ED70T-S81', '73'),
	('193', 'ED70T-S83', '73'),
	('194', 'ED70T-S85', '73'),
	('195', 'ED70T-S91', '73'),
	('196', 'ED70U-S61', '74'),
	('197', 'ED70U-S81', '74'),
	('198', 'ED70U-S83', '74'),
	('199', 'ED70U-S85', '74'),
	('200', 'ED70U-S91', '74'),
	('201', 'CSW42-S71', '75'),
	('202', 'FCH7GA-S01', '76'),
	('203', 'FCH7GA-S02', '76'),
	('204', 'FCH7GA-S03', '76'),
	('205', 'CSR41-S73', '77'),
	('206', 'ES60J-S01', '78'),
	('207', 'CSM43-S73', '79'),
	('208', 'ES72C-S41', '80'),
	('209', 'ES72C-S43', '80'),
	('210', 'CSR44-S71', '81'),
	('211', 'CSE44-S73', '82'),
	('212', 'CSW40-S71', '83'),
	('213', 'ELSC01-S01', '84'),
	('214', 'ELSC01-S02', '84'),
	('215', 'ELSP01-S01', '85'),
	('216', 'ES70Q-S01', '86'),
	('217', 'ES70Q-S02', '86'),
	('218', 'ES70R-S01', '87'),
	('219', 'ES70R-S15', '87'),
	('220', 'ES70R-S31', '87'),
	('221', 'ES70R-S32', '87'),
	('222', 'FCH7SC-S01', '88'),
	('223', 'CSA42-S73', '89'),
	('224', 'DI84D-M31', '90'),
	('225', 'DI84D-N31', '90'),
	('226', 'MA72I-S41', '91'),
	('227', 'MA72I-S43', '91');	
	